﻿Name,Author/Owner,Related Draft,Tags,Type,URL
Jostins: Genetic risk prediction in complex disease,,,Primary,Article,https://academic.oup.com/hmg/article/20/R2/R182/640656
Machine Learning Crohn’s,"Kate Fletcher, Lynda Grose",,"Primary, Secondary",eBook,https://www.nature.com/articles/s41598-019-46649-z#Sec15
Navigating pitfalls of ML in Genomics,Elizabeth L. Cline,,"Primary, Secondary",Book,https://www.nature.com/articles/s41576-021-00434-9
Frontiers Genomic Article,Kate Fletcher,,Primary,Article,https://www.frontiersin.org/articles/10.3389/fgene.2019.00267/full#B90
Frontier Introduction Article,,,Primary,Article,https://www.frontiersin.org/articles/10.3389/fgene.2019.00267/full
Predicting the Phenotypic Values of Physiological Traits Using SNP Genotype and Gene Expression Data in Mice,,,,,https://www.ncbi.nlm.nih.gov/pmc/articles/PMC4277360/
A statistical and general study of diabetes. II. Heritability of liability.,,,Primary,,https://www.cabdirect.org/cabdirect/abstract/19722704075
"The heritability of human disease: estimation, uses and abuses",,,Primary,Article,https://www.nature.com/articles/nrg3377#Abs3